4,95.709,94.996,95.631,95.230
5,95.740,95.108,95.229,95.517
1,95.573,93.046,95.477,93.190
2,93.817,92.627,93.213,93.161
3,93.618,92.529,93.126,93.280
4,93.453,92.063,93.295,92.217
5,93.382,91.587,92.217,92.872
1,93.903,92.564,92.831,92.806
2,93.058,91.928,92.796,92.111
3,93.026,92.071,92.135,92.751
4,92.876,91.159,92.751,91.401
5,91.850,88.580,91.429,91.117
1,91.350,90.252,91.313,90.641
2,90.731,88.629,90.636,89.046
3,89.211,87.093,89.025,87.224
4,90.020,87.172,87.219,89.435
5,89.811,88.416,89.440,89.298
1,90.471,89.094,89.101,90.248
2,90.969,89.897,90.219,90.960
3,90.968,90.225,90.952,90.385
5,90.768,90.353,90.432,90.756
1,90.734,89.753,90.690,90.664
2,90.966,90.012,90.662,90.327
3,90.923,90.116,90.327,90.703
5,92.406,90.653,90.694,91.813
1,93.584,91.792,91.891,93.349
2,94.625,92.836,93.364,93.624
3,94.139,92.331,93.659,92.647
4,92.915,90.844,92.637,91.186
5,91.650,90.148,91.181,90.376
1,90.258,88.881,90.108,89.212
2,89.875,88.782,89.190,89.363
3,89.958,88.598,89.358,89.037
4,90.018,88.468,89.042,89.838
5,90.914,89.728,89.794,90.722
1,91.288,90.148,90.946,90.628
2,90.967,89.679,90.617,89.728
3,90.155,87.109,89.748,89.467
4,89.544,88.060,89.447,88.893
5,89.619,87.986,88.873,88.728
1,89.684,88.243,88.706,89.078
2,90.060,88.424,89.075,88.955
3,90.761,88.888,88.975,90.315
4,90.655,89.468,90.210,89.993
5,90.142,89.146,90.006,89.974
1,89.991,88.806,89.986,89.436
2,89.970,88.586,89.421,89.418
3,89.781,88.819,89.422,89.417
4,92.247,89.216,89.405,91.210
5,92.216,90.733,91.155,91.886
1,92.418,90.893,91.759,91.452
2,91.654,90.124,91.447,90.465
3,90.753,89.690,90.450,90.381
4,91.108,89.810,90.390,90.925
5,92.134,90.530,90.933,91.919
1,92.071,91.420,91.707,91.736
2,92.744,91.557,91.711,92.397
3,93.963,92.083,92.405,93.777
4,94.458,93.298,93.772,94.183
5,94.381,92.509,94.175,93.326
1,94.950,92.759,93.326,94.602
2,96.927,94.257,94.591,96.634
3,97.781,96.340,96.635,97.385
4,98.723,97.312,97.390,98.505
5,98.605,96.854,98.497,97.571
1,97.906,96.911,97.720,97.433
2,98.587,96.991,97.440,98.144
3,99.407,98.131,98.136,99.148
4,99.677,97.714,99.128,98.066
5,98.502,96.574,98.046,98.268
1,99.184,97.894,98.320,98.842
2,99.131,97.898,98.851,98.649
3,98.845,97.052,98.659,97.267
4,98.511,95.654,97.235,97.705
5,98.654,97.131,97.691,97.995
1,98.643,97.551,98.080,98.168
2,98.968,98.058,98.170,98.589
3,98.840,95.657,98.555,96.207
4,96.605,93.529,96.211,94.532
5,96.260,94.146,94.474,95.928
1,97.338,95.413,95.605,96.932
2,98.561,96.911,96.935,97.852
3,98.351,96.911,97.916,97.521
4,98.851,97.433,97.498,98.695
5,98.854,97.099,98.691,97.854
1,98.319,95.952,98.067,97.243
2,99.362,97.220,97.243,98.956
3,99.458,98.201,98.914,98.504
4,99.898,98.385,98.499,99.513
5,100.371,99.344,99.498,100.309
1,101.443,100.139,100.194,100.972
2,101.094,99.850,100.954,100.414
3,100.864,99.311,100.409,99.754
4,100.562,99.633,99.754,100.410
5,100.721,100.199,100.420,100.203
1,100.720,99.855,100.331,100.088
2,100.426,98.737,100.086,98.984
3,99.656,98.149,98.968,99.366
4,99.511,98.532,99.379,99.263
5,99.749,98.706,99.225,99.137
1,99.406,97.655,99.195,97.910
2,98.908,97.720,97.907,98.726
3,98.739,97.550,98.704,97.999
4,98.437,97.626,97.988,97.949
5,98.139,96.634,97.949,97.142
1,97.108,96.426,96.783,96.748
2,96.760,95.618,96.728,96.442
3,97.969,96.371,96.428,97.631
4,98.986,97.139,97.600,98.623
5,99.573,98.517,98.631,99.124
1,99.565,98.720,99.260,98.781
2,99.210,98.606,98.789,98.803
3,99.072,97.931,98.840,98.304
4,99.746,98.258,98.293,99.101
5,99.557,98.329,99.102,98.460
1,98.828,97.257,98.630,97.473
2,97.838,96.105,97.478,96.441
3,96.698,95.136,96.427,95.295
4,95.856,95.113,95.320,95.778
5,96.183,94.730,95.802,95.215
1,96.456,94.543,94.836,96.305
2,96.695,95.909,96.286,95.957
3,96.219,94.685,95.962,94.876
4,95.265,93.967,94.914,94.407
5,94.911,93.837,94.406,94.769
1,95.203,94.422,94.621,94.816
2,95.139,94.502,94.819,95.018
3,95.499,94.650,94.978,95.328
4,97.232,95.211,95.353,96.849
5,97.002,95.016,96.836,95.297
1,96.800,94.446,95.130,96.615
2,96.646,95.327,96.536,95.760
3,96.411,95.373,95.759,95.980
4,96.967,95.854,95.980,96.561
5,98.886,96.502,96.576,98.652
1,98.855,98.192,98.575,98.472
2,98.567,97.246,98.464,97.380
3,98.438,97.090,97.345,98.110
4,98.554,97.279,98.112,97.630
5,98.428,97.464,97.600,98.405
1,98.569,97.578,98.411,97.811
2,97.886,96.079,97.809,96.382
3,96.771,95.514,96.377,95.734
4,96.684,95.623,95.744,96.525
5,97.176,96.000,96.507,96.250
1,96.298,95.718,96.165,95.854
2,95.955,94.871,95.842,95.215
3,96.033,95.021,95.199,95.627
4,96.568,95.611,95.630,95.947
5,96.038,95.040,95.903,95.199
1,96.164,95.122,95.122,96.064
2,96.508,95.309,96.053,96.343
3,96.982,96.167,96.354,96.648
4,96.878,95.691,96.649,95.930
5,96.111,95.700,95.925,96.021
1,96.121,94.659,96.106,95.343
2,95.458,94.709,95.350,94.884
3,94.879,91.799,94.860,92.875
4,93.595,92.376,92.860,92.980
5,93.188,91.773,92.985,92.537
1,93.025,91.735,92.357,92.915
2,93.752,92.710,92.905,93.496
3,94.457,93.257,93.524,94.224
4,94.447,93.266,94.230,93.920
5,94.370,93.480,93.916,94.218
1,94.782,94.126,94.240,94.181
2,94.390,93.286,94.195,93.734
3,93.866,93.080,93.736,93.650
4,95.289,93.527,93.618,94.932
5,95.166,94.590,94.941,94.835
1,95.378,94.672,94.841,95.173
2,95.268,94.036,95.166,94.538
3,95.355,94.007,94.537,94.978
4,95.881,94.826,94.995,95.550
5,95.827,94.497,95.552,94.647
1,95.423,94.584,94.752,95.258
2,95.459,94.357,95.263,95.219
3,95.395,94.628,95.229,94.956
4,95.800,94.772,94.960,95.449
5,97.775,95.050,95.423,97.546
1,97.742,96.908,97.692,97.098
2,97.159,95.753,97.134,95.979
3,96.751,95.121,95.953,96.040
4,96.488,95.037,96.036,95.466
5,95.463,94.420,95.379,94.938
1,94.863,94.200,94.695,94.494
2,95.285,94.338,94.510,94.678
3,94.961,93.673,94.673,94.064
4,94.552,93.852,94.074,94.175
5,94.709,93.422,94.184,94.390
1,95.059,94.274,94.362,94.549
2,94.626,93.787,94.549,94.171
3,94.563,93.871,94.169,94.259
4,94.286,93.207,94.267,93.502
5,94.068,93.406,93.503,93.587
1,93.553,92.546,93.262,93.109
2,93.436,92.808,93.071,92.918
3,93.070,92.099,92.908,92.199
4,92.768,91.940,92.206,92.618
5,93.245,92.287,92.618,92.996
1,93.296,92.813,92.930,93.053
2,93.082,92.022,93.055,92.319
3,92.589,91.609,92.330,92.028
4,92.250,91.401,92.033,91.722
5,91.783,90.206,91.733,90.704
1,91.130,90.196,90.282,90.930
2,91.637,90.783,90.932,91.043
3,91.361,90.130,91.053,90.921
4,91.619,90.506,90.918,91.075
5,91.537,90.989,91.051,91.277
1,92.528,91.305,91.305,91.920
2,92.099,90.933,91.920,91.091
3,91.536,90.483,91.101,91.300
4,91.625,90.359,91.298,91.274
5,91.359,89.501,91.273,89.625
1,89.776,88.231,89.554,89.634
2,90.356,89.596,89.614,90.080
3,90.404,89.352,90.084,89.689
4,90.162,89.408,89.684,89.585
5,89.922,88.599,89.610,89.785
1,89.978,89.349,89.350,89.514
2,89.648,88.617,89.514,88.819
3,89.386,87.992,88.810,88.604
4,88.714,88.136,88.591,88.390
5,89.872,88.351,88.388,89.753
1,90.443,89.523,89.523,89.814
2,90.180,89.433,89.828,89.702
3,89.897,88.824,89.687,89.444
4,90.769,89.270,89.384,90.551
5,91.317,90.503,90.552,90.888
1,91.129,90.375,90.985,90.537
2,91.063,90.083,90.521,90.761
3,91.203,90.624,90.710,90.967
4,91.705,90.768,90.970,91.285
5,92.113,91.276,91.317,92.044
1,92.277,91.569,92.130,92.173
2,92.322,91.706,92.174,91.791
3,91.811,90.554,91.780,90.710
4,91.611,90.244,90.732,91.411
5,91.575,89.920,91.409,90.096
1,90.691,89.184,89.678,90.220
2,90.570,89.872,90.228,90.329
3,91.316,90.042,90.322,90.751
4,90.858,89.988,90.718,90.723
5,90.856,89.607,90.740,89.879
1,90.250,89.701,89.990,89.925
2,90.172,89.684,89.961,89.812
3,90.035,89.284,89.818,89.839
4,90.604,89.642,89.844,90.348
5,90.409,89.458,90.350,89.649
1,89.707,88.754,89.537,89.045
2,89.533,88.731,89.047,89.251
3,89.478,89.009,89.239,89.301
4,89.434,88.639,89.296,88.959
5,89.131,88.680,88.977,88.850
1,89.186,88.563,88.923,88.965
2,89.055,88.351,88.960,88.497
3,88.632,87.209,88.489,87.333
4,87.480,86.289,87.329,86.575
5,87.013,84.832,86.553,86.467
1,87.025,85.859,86.647,86.415
2,87.528,86.158,86.331,86.680
3,87.487,86.588,86.667,87.376
4,88.473,87.363,87.380,88.257
5,90.769,87.992,88.279,90.524
1,90.368,89.041,90.171,89.502
2,89.479,88.172,89.474,88.420
3,88.683,87.349,88.419,87.862
4,88.458,87.721,87.904,88.195
5,89.797,88.189,88.190,89.048
1,89.318,88.313,88.924,88.600
2,89.944,88.565,88.590,89.612
3,89.976,89.381,89.590,89.772
4,90.363,89.560,89.798,89.959
5,90.902,88.970,89.951,90.449
1,91.225,90.237,90.312,91.168
2,91.862,90.998,91.176,91.823
3,91.869,91.305,91.820,91.624
4,91.770,91.121,91.664,91.533
1,91.761,91.392,91.408,91.619
2,92.072,91.520,91.627,91.989
3,92.755,91.898,91.971,92.432
4,93.140,91.902,92.417,93.006
1,93.202,92.183,92.960,92.507
2,92.542,91.242,92.513,91.697
3,92.732,91.516,91.704,92.309
4,93.395,92.102,92.316,93.332
5,93.766,92.278,93.300,92.645
1,92.655,91.805,92.584,92.077
2,92.420,90.718,92.058,90.969
3,91.558,90.898,90.993,91.368
4,92.032,90.836,91.369,91.201
5,91.316,90.601,91.206,90.826
1,91.058,90.620,90.760,90.781
2,91.259,90.309,90.764,91.140
3,91.457,90.785,91.120,91.235
4,91.866,90.106,91.221,90.430
5,90.556,89.778,90.400,89.809
1,90.334,89.814,90.204,90.271
2,90.547,89.338,90.266,89.644
3,90.080,89.134,89.682,90.001
4,90.546,89.625,89.982,89.912
5,90.920,89.580,89.919,90.265
1,90.940,89.877,89.892,90.612
2,90.913,90.257,90.606,90.376
3,91.269,90.068,90.379,90.978
4,91.072,88.548,90.988,89.016
5,89.886,88.820,88.971,89.235
1,89.560,89.138,89.370,89.253
2,89.801,89.201,89.248,89.687
3,90.061,89.239,89.717,89.932
4,90.137,89.569,89.959,89.760
5,90.409,89.585,89.760,89.965
1,90.227,89.907,90.104,90.006
2,90.508,89.700,90.001,90.134
3,91.381,90.126,90.144,91.245
4,91.817,90.561,91.247,91.802
5,92.142,91.483,91.771,91.506
1,91.902,91.017,91.479,91.140
2,91.296,89.894,91.117,90.221
3,90.360,89.763,90.209,90.141
4,90.317,88.805,90.147,89.085
5,89.500,88.741,89.079,88.913
1,89.474,88.812,88.846,89.120
2,89.369,88.551,89.119,88.835
3,88.991,88.317,88.839,88.455
4,89.251,88.136,88.452,89.032
5,90.587,88.973,89.013,90.275
1,90.680,90.151,90.383,90.302
2,90.327,89.628,90.307,89.956
3,90.817,89.837,89.941,90.514
4,90.712,90.206,90.509,90.502
5,91.080,90.168,90.511,90.551
1,90.831,90.348,90.826,90.516
2,90.731,89.982,90.521,90.302
3,90.711,90.023,90.307,90.293
4,90.797,89.756,90.290,90.374
5,90.711,90.328,90.399,90.540
1,90.769,89.828,90.481,90.136
2,90.470,90.054,90.118,90.392
3,92.399,90.343,90.416,92.301
4,92.952,91.758,92.276,92.722
5,92.890,92.302,92.727,92.488
1,92.783,92.333,92.428,92.459
2,93.020,92.123,92.443,92.756
3,93.632,92.748,92.781,93.452
4,94.039,93.274,93.467,93.812
5,94.688,93.669,93.840,94.610
1,94.771,94.079,94.669,94.361
2,94.377,93.660,94.361,93.789
3,94.264,93.148,93.778,93.346
4,93.480,92.830,93.321,93.368
5,93.780,93.105,93.385,93.175
1,93.610,92.889,92.905,93.248
2,93.410,92.570,93.228,93.194
3,93.719,92.825,93.206,93.227
4,93.516,92.861,93.244,93.031
5,93.136,91.900,93.035,92.166
1,92.464,91.591,91.853,92.394
2,93.387,92.392,92.422,93.213
3,93.441,92.933,93.228,93.180
4,93.608,92.740,93.176,93.475
5,94.323,93.306,93.458,93.958
1,94.352,93.927,93.982,93.953
2,94.037,92.819,93.952,93.258
3,94.315,92.989,93.263,94.026
4,94.257,93.848,94.039,94.035
5,94.581,93.831,94.015,93.841
1,94.784,93.840,93.936,94.526
2,94.974,94.320,94.531,94.537
3,94.980,93.539,94.571,93.813
4,93.973,88.248,93.864,90.585
5,93.091,90.002,90.619,91.597
1,93.537,91.667,92.427,93.304
2,93.387,92.210,93.284,92.636
3,93.279,92.441,92.631,93.232
4,93.639,92.586,93.247,92.742
5,93.091,91.797,92.703,92.442
1,92.687,91.764,92.235,92.582
2,92.962,92.098,92.544,92.232
3,92.224,90.940,92.206,91.686
4,91.871,88.960,91.623,89.668
5,90.470,89.022,89.681,89.995
1,90.613,89.745,90.295,90.284
2,90.307,89.259,90.229,90.230
3,90.663,89.822,90.218,89.901
4,91.082,89.811,89.888,91.034
5,91.408,90.598,91.046,91.048
1,91.614,90.908,90.998,91.251
2,91.450,90.537,91.252,90.943
3,92.347,90.894,90.902,92.118
4,92.800,92.039,92.123,92.696
5,92.878,91.421,92.664,91.896
1,92.077,90.973,91.736,91.361
2,91.921,90.830,91.359,91.450
3,91.669,91.056,91.503,91.296
4,91.465,90.849,91.227,91.324
5,91.773,91.264,91.334,91.633
1,92.109,91.412,91.816,91.573
2,91.690,91.078,91.569,91.451
3,91.821,91.088,91.420,91.434
4,91.437,90.506,91.429,91.003
5,91.030,90.443,91.015,90.702
1,91.475,90.246,90.270,91.103
2,91.098,90.331,91.044,90.559
3,90.580,89.728,90.574,89.804
4,89.977,89.223,89.832,89.599
5,89.775,89.221,89.594,89.230
1,89.464,89.061,89.255,89.362
2,89.411,88.283,89.344,88.594
3,88.766,88.364,88.588,88.423
4,88.561,86.964,88.380,87.592
5,88.201,87.317,87.567,87.724
1,88.003,87.631,87.702,87.759
2,87.978,87.343,87.759,87.516
3,87.770,87.018,87.508,87.697
4,88.638,87.654,87.702,88.343
5,88.698,88.321,88.326,88.608
1,89.147,88.388,88.716,88.612
2,88.858,88.024,88.636,88.727
3,89.104,88.068,88.681,88.398
4,88.498,87.229,88.430,87.387
5,87.500,86.260,87.432,86.574
1,87.215,86.482,86.508,86.686
2,87.567,86.662,86.671,87.493
3,87.500,86.865,87.453,87.035
4,87.203,86.337,87.024,86.911
5,87.495,86.735,86.907,87.450
1,87.711,86.819,87.476,86.878
2,87.966,86.828,86.869,87.886
3,88.114,87.247,87.886,87.459
4,87.507,86.568,87.464,86.784
5,86.975,85.940,86.790,86.452
1,86.881,86.317,86.327,86.493
2,86.656,85.670,86.493,85.785
3,86.377,85.322,85.785,86.263
4,86.452,85.710,86.273,85.802
5,86.179,85.025,85.831,85.482
1,85.947,85.297,85.388,85.924
2,86.226,85.175,85.929,85.436
3,85.467,84.726,85.435,85.316
4,85.977,84.927,85.313,85.878
5,86.367,85.564,85.882,86.185
1,86.219,85.210,86.154,85.320
2,85.671,85.112,85.326,85.516
3,85.680,85.189,85.517,85.449
4,85.912,84.894,85.420,85.381
5,85.815,85.191,85.403,85.608
1,85.713,85.096,85.571,85.157
2,85.189,83.590,85.162,83.893
3,84.824,83.900,83.918,84.566
4,84.881,84.328,84.556,84.445
5,85.446,84.274,84.449,85.203
1,85.902,84.510,85.302,84.627
2,84.665,83.835,84.632,84.186
3,84.654,83.666,84.175,84.436
4,84.549,83.992,84.429,84.270
5,85.226,84.165,84.258,84.284
1,84.491,84.046,84.133,84.200
2,84.255,83.511,84.210,83.829
3,84.039,83.348,83.830,83.864
4,84.023,83.496,83.864,83.777
5,84.373,83.749,83.786,84.162
1,84.356,83.501,84.216,83.708
2,83.755,82.922,83.701,83.030
3,85.764,82.875,83.022,85.730
4,85.925,85.220,85.725,85.772
5,85.930,85.594,85.767,85.846
1,85.797,85.506,85.725,85.690
2,85.770,84.975,85.697,85.085
3,85.185,84.270,85.085,84.482
4,84.670,84.248,84.477,84.372
5,85.388,84.113,84.364,84.203
1,84.388,84.110,84.229,84.281
2,84.337,83.692,84.288,83.869
3,84.078,83.500,83.862,83.699
4,83.808,83.167,83.689,83.521
5,83.574,83.160,83.513,83.218
1,83.867,83.178,83.237,83.351
2,83.975,82.958,83.369,83.216
3,83.270,82.751,83.246,82.931
4,83.031,82.103,82.930,82.409
5,82.560,81.724,82.388,81.915
1,82.178,81.361,81.937,82.067
2,82.349,81.664,82.072,81.713
3,82.001,81.669,81.720,81.804
4,81.841,80.855,81.783,81.477
5,81.619,80.871,81.478,81.452
1,81.480,81.123,81.362,81.266
2,81.918,81.142,81.267,81.583
3,81.659,80.839,81.586,81.081
4,81.822,80.914,81.086,81.324
5,81.499,80.987,81.324,81.359
1,81.446,80.406,81.265,80.815
2,81.649,80.609,80.811,81.433
3,81.978,81.313,81.456,81.749
4,81.776,80.861,81.751,81.019
5,81.070,80.365,81.006,80.387
1,81.419,80.240,80.289,80.497
2,80.958,80.454,80.499,80.616
3,81.580,80.592,80.638,81.075
4,81.218,80.582,81.069,80.753
5,81.467,80.618,80.750,81.262
1,81.434,81.001,81.218,81.175
2,81.957,80.530,81.183,81.685
3,82.791,81.548,81.685,82.270
4,82.602,82.038,82.317,82.480
5,82.653,81.651,82.480,82.511
1,83.257,82.390,82.457,83.073
2,83.588,82.845,83.086,83.292
3,83.547,83.031,83.270,83.175
4,83.779,83.098,83.185,83.516
5,83.639,83.136,83.515,83.538
1,83.555,83.227,83.500,83.332
2,83.839,82.785,83.314,83.154
3,83.657,82.940,83.125,83.524
4,83.691,83.399,83.504,83.583
5,84.182,83.561,83.594,84.054
1,84.399,83.818,84.035,84.250
2,84.308,83.418,84.277,83.684
3,84.386,83.374,83.666,84.179
4,84.358,83.481,84.184,83.809
5,83.888,82.521,83.799,82.530
1,82.989,82.565,82.655,82.650
2,83.657,82.337,82.676,83.485
3,84.299,83.457,83.527,84.033
4,84.109,83.509,84.007,83.754
5,84.012,83.449,83.734,83.939
1,84.349,83.103,83.986,83.382
2,83.775,82.838,83.384,83.655
3,84.507,83.598,83.659,84.232
4,84.448,83.884,84.239,83.899
5,84.203,83.689,83.919,83.966
1,84.117,83.627,83.937,83.765
2,83.900,83.497,83.762,83.734
3,83.848,83.411,83.734,83.566
4,83.574,82.854,83.554,82.902
5,83.173,82.858,82.902,82.865
1,82.970,82.648,82.763,82.795
2,82.844,81.811,82.819,82.374
3,82.462,81.607,82.377,81.611
4,81.848,81.285,81.608,81.517
5,81.539,80.937,81.502,81.185
1,81.743,80.925,81.209,81.731
2,82.277,81.608,81.722,82.029
3,83.373,81.880,82.020,83.239
4,83.389,82.879,83.245,83.333
5,83.676,82.849,83.312,83.130
1,83.275,82.662,83.217,82.703
2,83.490,82.677,82.704,83.233
3,83.457,82.803,83.218,82.988
4,83.147,82.545,83.001,82.803
5,83.060,82.405,82.801,82.851
1,83.007,82.348,82.784,82.666
2,82.822,82.328,82.662,82.548
3,82.686,81.848,82.546,82.010
4,83.120,81.998,81.998,82.992
5,83.087,82.528,82.963,82.551
1,82.915,82.299,82.535,82.518
2,82.660,81.973,82.517,82.238
3,82.606,81.977,82.213,82.165
4,83.213,82.017,82.163,82.905
5,82.921,81.982,82.907,82.115
1,82.253,81.907,81.998,82.033
2,82.148,81.308,82.033,81.346
3,81.852,81.348,81.355,81.545
4,82.057,81.397,81.541,81.614
5,82.465,81.102,81.626,82.166
1,82.464,82.155,82.165,82.313
2,82.419,81.770,82.303,82.367
3,82.664,82.197,82.338,82.350
4,83.369,82.334,82.355,83.217
5,83.670,83.217,83.228,83.418
1,83.520,83.089,83.473,83.316
2,83.910,83.196,83.317,83.763
3,83.970,83.485,83.787,83.671
4,83.745,83.151,83.624,83.302
5,83.527,83.028,83.309,83.166
1,83.258,83.015,83.073,83.130
2,83.526,82.577,83.131,82.754
3,82.887,82.315,82.773,82.506
4,82.512,81.619,82.501,81.885
5,82.062,81.639,81.887,81.665
1,81.977,81.618,81.681,81.772
2,82.235,81.728,81.771,81.849
3,82.110,81.569,81.851,81.863
4,82.517,81.719,81.871,82.437
5,83.062,82.211,82.429,82.298
1,82.383,81.948,82.316,82.235
2,82.850,82.206,82.233,82.660
3,82.928,82.574,82.655,82.727
4,83.167,82.695,82.744,82.977
5,83.292,81.648,82.999,81.842
1,82.462,80.593,81.644,81.618
2,82.038,80.603,81.621,80.711
3,81.164,79.558,80.711,79.577
4,79.735,76.374,79.322,78.878
5,81.978,78.819,78.873,80.563
1,81.311,80.712,80.862,81.012
2,81.278,80.841,81.010,80.963
3,81.066,80.697,80.952,80.904
4,81.048,80.759,80.896,80.965
5,81.488,80.866,80.963,81.336
1,81.840,81.297,81.388,81.682
2,82.470,81.538,81.694,82.463
3,83.177,82.360,82.465,82.876
4,83.215,82.559,82.863,83.118
5,84.726,83.122,83.133,84.050
1,84.378,83.853,84.174,84.050
2,84.869,84.029,84.049,84.860
3,85.520,84.839,84.866,85.493
4,85.498,84.588,85.483,84.905
5,85.391,84.677,84.860,84.751
1,85.152,84.508,84.846,84.586
2,84.776,83.456,84.575,83.560
3,84.257,83.497,83.540,83.820
4,83.927,82.951,83.819,83.484
5,83.777,82.953,83.483,83.108
1,83.255,82.180,83.206,82.641
2,82.756,82.314,82.645,82.571
3,83.094,82.251,82.569,82.545
4,82.588,81.584,82.550,81.838
5,82.105,81.660,81.840,81.842
1,82.420,81.661,81.789,81.815
2,81.968,81.483,81.823,81.487
3,82.781,81.257,81.489,82.142
4,82.271,81.395,82.085,81.475
5,81.645,81.037,81.465,81.136
1,81.683,80.993,81.093,81.210
2,81.269,80.691,81.201,80.875
3,81.187,80.427,80.919,80.509
4,80.685,79.560,80.515,80.049
5,80.934,80.048,80.053,80.588
1,80.839,80.178,80.611,80.339
2,80.902,80.151,80.295,80.872
3,81.320,80.611,80.818,81.041
4,81.333,80.704,81.060,80.935
5,81.083,80.334,80.874,80.781
1,81.060,80.627,80.860,80.781
2,81.766,80.710,80.720,81.408
3,81.717,80.934,81.347,81.665
4,82.227,81.467,81.586,81.605
5,81.858,81.474,81.546,81.681
1,82.036,81.315,81.775,81.980
2,82.208,81.611,81.951,81.943
3,82.166,81.790,81.885,81.962
4,82.083,81.149,81.960,81.279
5,81.405,80.694,81.282,80.797
1,80.976,80.717,80.734,80.926
2,81.768,80.709,80.920,81.518
3,81.565,80.633,81.513,80.939
4,81.319,80.541,80.930,80.886
5,81.009,80.045,80.885,80.249
1,80.388,79.971,80.196,80.097
2,80.328,79.979,80.026,80.094
3,80.274,79.692,80.065,79.877
4,80.417,79.832,79.870,80.355
5,80.460,79.962,80.345,80.233
1,80.685,79.992,80.262,80.232
2,80.619,80.082,80.245,80.482
3,81.054,80.378,80.455,80.963
4,81.045,80.478,80.923,80.655
5,80.669,80.004,80.620,80.032
1,80.362,80.019,80.122,80.235
2,80.339,80.047,80.252,80.191
3,80.378,80.008,80.140,80.282
4,80.791,80.232,80.232,80.503
5,80.598,80.131,80.440,80.394
1,80.977,80.288,80.312,80.891
2,81.263,80.656,80.829,81.111
3,81.179,80.550,81.056,80.771
4,80.861,80.258,80.716,80.561
5,81.141,80.490,80.504,80.763
1,80.905,80.531,80.760,80.735
2,81.181,80.695,80.734,81.005
3,81.119,80.764,81.003,80.901
4,81.409,80.789,80.847,81.229
5,81.470,80.496,81.180,80.660
1,80.825,80.103,80.527,80.254
2,80.369,79.168,80.200,79.246
3,79.569,78.451,79.175,79.000
4,79.598,78.461,78.878,79.129
5,79.270,78.885,79.065,79.095
1,79.175,78.945,79.080,79.030
2,79.272,78.815,79.041,79.166
3,79.313,78.703,79.127,78.766
4,79.025,78.270,78.774,78.287
5,78.724,78.202,78.285,78.523
1,78.551,78.049,78.274,78.270
2,78.698,77.825,78.284,77.871
3,78.165,77.568,77.884,77.968
4,78.020,77.625,77.964,77.645
5,77.861,76.730,77.653,76.752
1,78.042,76.290,77.104,77.167
2,77.823,76.955,77.186,77.130
3,77.399,76.776,77.122,77.056
4,80.234,76.959,77.048,78.835
5,79.410,78.312,78.867,78.378
1,78.464,77.497,77.877,77.773
2,77.851,76.697,77.744,76.942
3,77.302,76.342,76.945,76.854
4,77.239,76.301,76.845,76.822
5,77.014,76.508,76.826,76.688
1,77.091,76.587,76.788,76.828
2,76.923,76.648,76.798,76.795
3,76.834,76.404,76.787,76.573
4,76.708,76.444,76.598,76.575
5,76.966,75.940,76.570,76.527
1,77.200,76.553,76.723,76.795
2,76.931,76.465,76.780,76.645
3,77.069,76.457,76.631,76.972
4,77.689,76.838,76.973,77.458
5,77.519,76.496,77.449,76.654
1,77.011,76.570,76.727,76.821
2,76.976,76.601,76.824,76.730
3,76.838,76.419,76.725,76.657
4,77.236,76.571,76.640,76.903
5,76.965,76.531,76.909,76.786
1,76.972,76.688,76.884,76.874
2,77.722,76.712,76.874,77.648
3,77.707,77.065,77.648,77.232
4,77.591,77.136,77.250,77.501
5,77.853,77.092,77.492,77.541
1,77.580,76.750,77.439,77.218
2,77.247,76.800,77.191,76.937
3,77.061,76.598,76.942,76.627
4,77.312,76.555,76.616,76.694
5,76.966,76.649,76.689,76.766
1,76.974,76.322,76.911,76.594
2,76.757,76.351,76.554,76.440
3,76.731,76.111,76.433,76.454
4,76.965,76.101,76.450,76.199
5,76.881,76.145,76.228,76.499
1,76.755,76.217,76.445,76.347
2,76.929,76.259,76.344,76.798
3,76.871,76.331,76.807,76.594
4,77.020,76.408,76.591,76.827
5,77.194,76.492,76.823,76.986
1,77.257,76.507,77.080,76.634
2,76.976,76.523,76.610,76.793
3,77.071,76.608,76.799,76.779
4,76.834,76.557,76.778,76.708
5,76.905,76.568,76.704,76.729
1,76.848,76.567,76.778,76.688
2,76.752,76.597,76.660,76.648
3,77.481,76.308,76.626,77.255
4,77.286,76.670,77.217,76.894
5,77.444,76.818,76.867,77.176
1,77.449,76.598,77.047,76.821
2,76.907,76.622,76.807,76.810
3,76.857,76.654,76.799,76.799
4,77.088,76.676,76.807,76.773
5,76.909,75.785,76.789,76.193
1,76.479,75.983,76.183,76.082
2,76.296,75.731,76.089,76.076
3,76.318,75.707,76.066,76.150
4,76.287,75.656,76.165,75.930
5,75.997,75.670,75.943,75.812
1,79.531,75.566,75.635,78.160
2,78.985,78.011,78.160,78.376
3,78.405,77.939,78.369,78.048
4,78.157,77.888,78.033,78.049
5,78.262,77.964,78.051,78.224
1,78.180,77.979,78.149,78.050
2,78.093,77.592,78.026,77.719
3,77.881,77.538,77.702,77.809
4,77.870,77.502,77.803,77.638
5,77.679,77.047,77.637,77.110
1,77.264,76.809,77.238,77.058
2,77.498,76.904,77.068,77.023
3,77.145,76.850,77.027,77.050
4,77.089,76.910,77.027,76.975
5,77.027,76.569,76.964,76.930
1,76.988,76.759,76.813,76.868
2,77.325,76.831,76.866,76.964
3,77.576,76.921,76.941,77.306
4,77.330,77.009,77.283,77.107
5,77.785,77.095,77.096,77.711
1,78.235,77.450,77.528,77.985
2,78.280,77.618,77.960,77.919
3,78.150,77.285,77.917,77.611
4,77.806,77.480,77.599,77.689
5,78.073,77.674,77.688,77.953
1,78.106,77.687,77.979,77.813
2,77.851,77.632,77.807,77.721
3,77.786,77.620,77.715,77.676
4,77.790,77.125,77.662,77.633
5,77.776,77.487,77.630,77.627
1,77.994,77.509,77.629,77.899
2,78.016,77.637,77.909,77.992
3,78.153,77.918,77.986,78.054
4,78.136,77.731,78.058,77.847
5,77.957,77.612,77.841,77.785
1,78.158,77.698,77.749,78.034
2,78.052,77.710,78.025,77.878
3,78.108,77.684,77.869,78.057
4,78.199,77.998,78.048,78.162
5,78.218,77.998,78.158,78.029
2,78.020,77.789,77.947,77.868
3,78.034,77.559,77.848,77.944
4,77.976,77.597,77.922,77.620
5,77.735,76.863,77.628,76.865
1,77.184,76.859,76.911,76.883
2,76.959,76.619,76.862,76.738
3,76.829,76.603,76.717,76.694
4,77.240,76.653,76.704,77.099
5,77.333,76.952,77.096,76.964
1,77.004,76.766,76.850,76.826
2,76.900,76.771,76.809,76.835
3,77.037,76.809,76.836,76.861
4,76.976,76.665,76.839,76.752
5,77.001,76.657,76.750,76.942
1,77.037,76.696,77.032,76.769
2,76.875,76.549,76.758,76.819
3,76.868,76.649,76.813,76.821
4,77.315,76.693,76.824,77.099
5,77.300,76.911,77.097,76.996
1,77.078,76.862,76.933,77.012
2,77.848,76.952,77.008,77.672
3,78.278,77.556,77.662,77.769
4,77.809,77.288,77.763,77.442
5,77.479,76.644,77.430,76.668
1,76.772,76.210,76.669,76.326
2,76.416,76.154,76.325,76.257
3,76.348,76.021,76.254,76.215
4,76.236,76.040,76.189,76.216
5,76.732,76.137,76.195,76.571
1,76.797,76.490,76.589,76.539
2,76.961,76.514,76.529,76.756
3,77.181,76.702,76.745,77.039
4,77.723,77.007,77.011,77.649
5,77.802,77.515,77.641,77.620
1,77.776,77.389,77.533,77.564
2,78.541,77.359,77.553,78.433
3,78.659,78.180,78.426,78.421
4,78.960,78.355,78.420,78.927
5,79.607,78.790,78.914,79.514
1,79.883,79.357,79.553,79.623
2,79.845,79.542,79.613,79.734
3,80.398,79.665,79.717,80.284
4,80.347,79.851,80.275,79.981
5,81.196,79.925,79.984,81.189
1,81.655,80.127,81.250,80.609
2,80.781,80.012,80.595,80.450
3,81.305,80.248,80.444,81.140
4,81.392,80.833,81.133,81.095
5,81.867,81.079,81.095,81.783
1,81.860,81.151,81.741,81.536
2,81.579,80.582,81.544,80.883
3,81.218,80.581,80.880,81.080
4,81.726,81.072,81.079,81.557
5,82.640,81.466,81.540,82.445
1,82.528,82.108,82.480,82.223
2,83.079,81.960,82.219,82.933
3,83.826,82.858,82.917,83.736
4,84.173,83.190,83.716,83.552
5,83.937,83.179,83.558,83.446
1,83.562,83.016,83.379,83.338
2,83.827,83.313,83.329,83.713
3,84.090,83.288,83.682,83.404
4,83.464,82.319,83.395,82.533
5,82.946,81.969,82.531,82.367
1,82.998,82.362,82.385,82.804
2,83.380,82.634,82.809,83.160
3,83.210,82.604,83.154,82.881
4,82.964,81.901,82.885,82.453
5,82.880,81.826,82.448,82.772
1,83.299,81.871,83.009,82.066
2,82.988,81.541,82.062,82.800
3,82.929,82.091,82.796,82.445
4,82.468,81.821,82.427,82.336
5,82.549,81.307,82.253,81.525
1,81.666,81.193,81.482,81.468
2,81.858,80.641,81.478,80.661
3,81.117,80.566,80.656,80.849
4,81.127,80.732,80.847,80.880
5,81.193,80.818,80.872,80.875
1,80.994,80.290,80.829,80.391
2,80.922,80.328,80.394,80.829
3,81.560,80.824,80.832,81.247
4,81.731,81.164,81.233,81.583
5,81.775,81.472,81.582,81.530
1,81.657,80.968,81.495,81.171
2,81.387,80.851,81.170,81.307
3,81.689,81.068,81.294,81.331
4,81.420,80.661,81.314,80.971
5,81.436,80.228,80.973,80.266
1,80.383,79.732,80.236,79.816
2,80.297,79.638,79.802,80.082
3,80.608,80.039,80.074,80.132
4,80.548,80.093,80.126,80.179
5,80.390,79.794,80.171,79.855
1,79.998,79.637,79.763,79.875
2,80.075,79.705,79.901,79.858
3,79.936,79.425,79.847,79.627
4,80.014,79.600,79.609,79.910
5,79.988,79.723,79.910,79.922
1,80.180,79.678,79.959,79.847
2,80.331,79.796,79.818,80.180
3,80.547,80.144,80.160,80.320
4,80.389,79.129,80.311,79.280
5,79.459,78.993,79.249,78.993
1,79.443,79.095,79.098,79.294
2,80.143,79.264,79.297,79.949
3,80.070,79.207,79.949,79.468
4,79.629,79.338,79.466,79.589
5,79.817,79.495,79.591,79.655
1,79.710,79.330,79.702,79.469
2,79.637,79.359,79.450,79.488
3,79.564,78.862,79.464,79.053
4,79.125,78.209,79.053,78.309
5,78.711,77.658,78.307,78.020
1,78.452,77.982,78.061,78.334
2,78.965,78.098,78.329,78.726
3,79.275,78.607,78.709,79.179
4,79.788,79.146,79.181,79.612
5,79.750,79.105,79.612,79.461
1,79.718,79.352,79.593,79.427
2,79.689,79.163,79.429,79.481
3,79.742,79.293,79.505,79.465
4,79.475,79.154,79.461,79.339
5,79.506,78.607,79.333,78.705
1,79.300,78.729,78.729,79.100
2,79.130,78.839,79.089,78.934
3,79.698,78.788,78.935,79.535
4,80.328,79.384,79.518,80.276
5,80.564,80.003,80.252,80.421
1,80.615,79.434,80.407,79.665
2,79.782,79.228,79.650,79.496
3,79.863,79.349,79.495,79.725
4,79.750,79.217,79.691,79.444
5,79.985,79.128,79.433,79.792
1,79.975,79.307,79.842,79.501
2,79.926,79.407,79.490,79.776
3,79.884,79.588,79.763,79.862
4,80.092,79.555,79.807,79.910
5,80.016,79.492,79.899,79.667
1,79.770,79.419,79.550,79.563
2,79.593,79.208,79.549,79.414
3,79.786,79.130,79.409,79.744
4,79.951,79.172,79.738,79.295
5,79.390,79.065,79.284,79.186
1,79.274,78.683,79.264,78.849
2,79.168,78.788,78.845,79.058
3,79.149,78.755,79.052,78.787
4,78.818,78.405,78.784,78.572
5,78.797,78.446,78.585,78.479
1,78.530,77.938,78.409,78.384
2,78.388,78.096,78.367,78.179
3,78.274,78.066,78.143,78.145
4,78.312,77.993,78.156,78.198
5,78.673,78.072,78.178,78.462
1,78.536,78.115,78.442,78.167
2,78.299,78.036,78.167,78.116
3,78.498,77.905,78.107,78.434
4,78.536,78.113,78.406,78.216
5,78.769,78.067,78.229,78.447
1,78.638,78.139,78.584,78.235
2,78.733,78.154,78.232,78.591
3,78.658,78.230,78.589,78.434
4,78.788,78.286,78.415,78.559
5,78.640,78.156,78.552,78.251
1,78.372,78.159,78.191,78.308
2,78.931,78.297,78.314,78.722
3,79.046,78.585,78.721,78.955
4,79.402,78.908,78.978,79.353
5,79.571,79.228,79.323,79.539
1,79.656,79.315,79.542,79.420
2,79.520,79.218,79.411,79.286
3,79.372,78.280,79.253,78.580
4,78.691,78.356,78.566,78.488
5,78.718,78.443,78.479,78.673
1,78.837,78.625,78.699,78.738
2,78.768,78.452,78.728,78.505
3,78.785,78.478,78.494,78.701
4,78.743,78.493,78.690,78.623
5,78.650,78.183,78.595,78.336
1,78.396,78.190,78.300,78.248
2,78.466,78.213,78.215,78.406
3,78.531,78.298,78.398,78.388
4,79.031,78.373,78.373,78.855
5,79.017,78.011,78.854,78.216
1,78.327,78.179,78.179,78.273
2,78.280,77.699,78.269,77.768
3,77.963,77.734,77.757,77.828
4,77.865,77.123,77.841,77.478
5,78.389,77.451,77.454,78.365
1,78.922,78.162,78.338,78.705
2,78.872,78.482,78.693,78.814
3,79.213,78.252,78.797,78.357
4,78.456,78.017,78.360,78.238
5,78.366,78.106,78.243,78.127
1,78.189,77.800,78.140,77.839
2,77.925,77.657,77.833,77.795
3,77.904,77.585,77.777,77.731
4,77.752,77.578,77.721,77.589
5,78.103,77.433,77.588,77.880
1,78.145,77.786,77.953,77.991
2,78.210,77.971,77.982,78.150
3,78.581,78.111,78.145,78.478
4,78.713,78.297,78.501,78.471
5,78.868,78.271,78.458,78.649
1,78.757,78.076,78.637,78.329
2,78.430,78.148,78.326,78.246
3,78.367,78.118,78.254,78.187
4,78.585,77.942,78.167,78.336
5,78.530,78.282,78.320,78.421
1,78.856,78.323,78.443,78.640
2,78.963,78.625,78.630,78.884
3,79.047,78.611,78.881,78.935
4,79.461,78.909,78.924,79.270
5,79.427,79.135,79.262,79.304
1,79.955,79.211,79.264,79.940
2,80.004,79.708,79.925,79.838
3,79.922,79.686,79.853,79.799
4,80.338,79.763,79.824,80.288
5,80.374,79.492,80.278,79.632
1,79.839,79.522,79.592,79.795
2,80.123,79.273,79.768,79.610
3,79.958,79.515,79.600,79.774
4,80.202,79.763,79.769,80.133
5,80.670,80.107,80.107,80.465
1,80.559,80.146,80.429,80.290
2,80.438,79.957,80.273,80.350
3,80.417,79.752,80.338,79.984
4,80.005,79.317,79.948,79.477
5,79.606,79.071,79.448,79.458
1,79.558,79.352,79.479,79.485
2,79.636,79.210,79.473,79.379
3,80.303,79.375,79.375,80.242
4,81.456,80.121,80.229,81.161
5,81.436,80.891,81.163,81.323
1,81.586,81.083,81.361,81.400
2,81.754,81.133,81.399,81.681
3,82.548,81.649,81.682,82.517
4,82.831,82.257,82.506,82.466
5,82.504,82.058,82.426,82.363
1,82.617,81.918,82.326,82.059
2,82.311,81.855,82.060,82.150
3,82.207,81.683,82.120,82.068
4,82.212,81.908,82.068,82.108
5,82.743,82.042,82.108,82.449
1,82.499,81.990,82.381,82.241
2,82.248,81.715,82.208,81.888
3,82.475,81.791,81.877,82.460
4,82.612,82.195,82.444,82.384
5,82.823,82.172,82.381,82.464
1,82.635,82.112,82.515,82.357
2,82.572,82.301,82.339,82.497
3,83.291,82.478,82.489,83.260
4,83.667,83.123,83.238,83.639
5,83.955,83.313,83.630,83.495
1,84.313,83.608,84.270,83.881
2,84.265,83.818,83.865,84.195
3,84.611,84.155,84.155,84.390
4,84.449,83.855,84.375,84.382
5,84.439,83.855,84.362,84.233
1,84.930,84.315,84.330,84.930
3,85.724,84.743,84.752,85.606
4,86.145,85.472,85.582,86.096
5,86.629,85.941,86.085,86.004
1,86.779,85.650,85.708,86.746
3,87.336,86.535,86.696,87.330
4,87.352,86.764,87.330,87.230
5,88.407,87.233,87.233,88.141
1,88.370,87.620,88.117,87.783
2,87.816,86.895,87.804,87.027
3,88.011,86.825,87.082,87.870
4,88.782,87.855,87.863,88.748
5,89.442,88.677,88.773,89.149
1,89.666,89.079,89.287,89.472
2,89.625,88.282,89.463,88.760
3,88.864,87.784,88.789,88.366
4,90.123,88.125,88.373,89.855
5,90.199,89.624,89.799,90.056
1,90.238,89.331,90.068,89.630
2,90.116,88.354,89.591,88.697
3,88.783,88.051,88.718,88.607
4,90.546,88.407,88.611,90.321
5,91.188,90.280,90.313,90.877
1,91.250,90.558,91.029,90.802
2,91.007,90.320,90.831,90.709
3,91.396,90.651,90.718,91.075
4,91.771,90.736,91.075,91.729
5,92.950,91.599,91.672,92.771
1,93.172,92.199,92.662,92.362
2,93.642,91.970,92.342,93.638
3,94.049,93.264,93.602,93.635
4,93.907,93.072,93.601,93.624
5,93.729,92.161,93.662,92.673
1,94.450,92.353,92.683,94.311
2,94.398,92.939,94.314,93.460
3,93.771,92.814,93.464,93.425
4,93.702,92.667,93.371,92.855
5,93.831,92.216,92.850,93.440
1,94.208,93.701,93.735,93.954
2,93.950,93.284,93.947,93.551
3,94.030,93.129,93.552,93.549
4,93.856,92.764,93.499,93.112
5,93.505,92.914,93.056,93.326
1,94.446,90.857,94.368,91.818
2,92.738,91.117,91.799,91.962
3,92.427,91.128,91.968,92.207
4,92.841,92.002,92.261,92.552
5,93.675,92.433,92.574,93.521
1,93.715,93.161,93.543,93.458
2,93.528,92.907,93.460,93.278
3,94.108,92.987,93.288,94.065
4,95.085,93.782,94.004,94.814
5,96.550,94.772,94.778,96.017
1,96.357,95.933,95.962,96.278
2,96.704,95.631,96.282,96.081
3,96.250,95.437,96.047,96.107
4,96.583,95.676,96.108,96.099
5,96.267,95.070,96.091,95.293
1,95.588,94.067,94.303,95.210
2,95.737,94.715,95.165,95.160
3,96.124,94.819,95.127,96.000
4,96.101,94.527,96.003,94.887
5,95.124,94.182,94.915,94.456
1,94.952,93.523,94.359,94.150
2,94.609,93.857,94.161,94.439
3,94.898,94.009,94.433,94.443
4,94.475,93.867,94.442,94.139
5,94.293,93.922,94.141,94.205
1,94.364,93.154,94.251,93.226
2,93.550,92.557,93.262,93.416
3,93.678,92.705,93.419,93.030
4,96.405,92.725,93.045,96.322
5,97.821,95.793,96.320,97.519
1,99.376,98.065,98.221,99.360
2,99.653,98.579,99.352,99.006
3,99.865,98.905,99.012,99.787
4,99.937,99.104,99.768,99.667
5,99.795,98.091,99.642,98.351
1,98.703,96.346,98.240,96.709
2,98.148,95.787,96.733,97.535
3,98.423,97.202,97.561,98.109
4,98.521,97.622,98.082,98.131
5,99.675,98.098,98.147,99.515
1,99.876,98.971,99.792,99.227
2,99.525,98.474,99.252,99.440
3,99.752,99.180,99.456,99.482
4,99.554,98.974,99.489,99.235
5,99.406,97.549,99.245,98.060
1,98.191,97.341,97.930,97.759
2,98.115,96.997,97.721,97.402
3,97.667,97.016,97.443,97.381
4,98.384,97.080,97.391,97.931
5,99.259,97.887,97.975,99.016
1,99.445,99.050,99.150,99.309
2,99.424,98.819,99.315,98.990
3,99.142,98.572,98.982,99.004
4,100.782,98.638,98.982,100.609
5,101.973,100.531,100.563,101.620
1,102.143,101.507,101.873,101.806
2,102.395,101.255,101.835,102.363
3,102.755,101.844,102.381,102.236
4,102.675,101.823,102.239,102.248
5,103.299,102.071,102.220,103.175
1,102.929,101.931,102.851,102.261
2,102.878,102.068,102.254,102.482
3,103.728,102.340,102.465,103.151
4,103.562,100.824,103.134,102.004
5,102.578,100.656,101.988,101.259
1,101.290,100.738,101.056,100.929
2,102.496,100.974,100.974,102.325
3,102.517,100.707,102.373,101.115
4,101.795,100.461,101.126,100.703
5,101.273,100.216,100.680,100.408
1,100.716,98.854,100.407,99.518
2,100.412,99.325,99.537,100.062
3,100.455,98.959,100.003,99.044
4,99.460,95.898,99.062,96.972
5,97.778,94.985,96.970,97.513
1,99.276,97.702,97.836,98.735
2,99.048,95.587,98.695,96.007
3,97.011,95.130,96.006,95.984
4,96.092,93.783,96.019,95.361
5,95.792,93.977,95.299,94.150
1,95.208,94.097,94.155,94.482
2,95.758,94.431,94.488,95.317
3,97.024,94.826,95.302,96.451
4,98.278,96.195,96.460,97.232
5,98.128,96.855,97.252,97.833
1,98.693,97.213,97.894,97.705
2,98.057,96.955,97.700,97.838
3,98.228,97.229,97.805,97.756
4,98.562,97.557,97.687,98.337
5,99.442,98.331,98.331,99.133
1,99.854,99.170,99.227,99.661
2,100.719,99.502,99.632,100.618
3,100.848,99.249,100.627,99.886
4,100.153,99.486,99.852,100.026
5,101.216,99.882,100.027,101.147
1,101.525,100.781,101.244,100.972
2,101.292,100.761,100.929,101.146
3,101.208,99.397,101.144,99.662
4,99.893,98.234,99.705,98.942
5,99.687,98.668,98.938,99.233
1,100.477,99.062,99.338,99.832
2,100.060,98.887,99.836,99.090
3,99.940,99.034,99.083,99.557
4,100.648,99.455,99.568,100.409
5,100.859,99.798,100.393,100.593
1,100.612,99.280,100.416,99.658
2,100.175,99.136,99.655,99.430
3,100.432,99.377,99.419,100.242
4,100.446,98.881,100.272,99.274
5,99.398,97.953,99.278,98.282
1,98.333,97.626,98.064,97.944
2,98.456,97.751,97.939,98.026
3,98.510,97.578,98.015,97.896
4,99.565,97.649,97.875,99.540
5,99.941,98.656,99.520,98.943
1,99.144,98.184,98.890,98.280
2,98.578,97.503,98.269,97.735
3,97.802,96.318,97.738,96.326
4,96.929,95.801,96.371,96.704
5,96.963,96.120,96.702,96.242
1,96.928,95.918,96.342,96.898
2,98.335,96.848,96.930,98.197
3,98.420,97.858,98.207,98.118
4,98.644,97.051,98.111,97.373
5,97.766,97.044,97.368,97.591
1,98.117,97.351,97.546,97.560
2,97.856,96.905,97.587,97.256
3,97.975,97.116,97.251,97.692
4,98.803,97.578,97.663,98.703
5,99.142,98.382,98.696,98.720
1,98.837,98.262,98.558,98.495
2,98.524,96.979,98.507,97.030
3,97.831,96.810,97.005,97.624
4,98.516,97.444,97.637,98.337
5,98.469,97.877,98.328,98.111
1,99.425,98.270,98.410,99.314
2,99.853,99.161,99.323,99.565
3,99.805,99.314,99.569,99.742
4,100.189,99.560,99.741,100.092
5,100.217,98.535,100.093,99.105
1,100.099,99.329,99.698,99.573
2,100.459,99.467,99.578,100.389
3,100.602,99.787,100.390,99.887
4,99.985,99.005,99.873,99.516
5,99.971,99.186,99.515,99.338
1,99.176,98.448,98.688,99.045
2,99.375,99.001,99.054,99.113
3,99.329,97.755,99.127,97.916
4,99.621,97.868,97.868,99.466
5,99.661,99.167,99.423,99.354
1,99.351,98.642,99.213,98.842
2,99.168,98.467,98.819,98.737
3,98.809,98.377,98.731,98.422
4,99.127,98.260,98.425,98.985
5,99.032,98.088,98.975,98.227
1,98.454,97.491,97.744,98.214
2,98.721,97.650,98.258,98.009
3,98.077,97.136,97.971,97.341
4,97.865,96.923,97.336,97.251
5,97.474,96.946,97.234,97.458
1,97.326,96.662,97.218,96.701
2,97.242,96.561,96.702,96.862
3,97.636,96.818,96.869,97.351
4,98.264,97.330,97.348,98.151
5,98.587,97.915,98.157,98.541
1,98.578,98.086,98.320,98.573
2,98.697,97.988,98.641,98.172
3,98.963,98.127,98.161,98.748
4,98.997,97.731,98.738,97.901
5,98.149,97.551,97.908,97.767
1,98.234,97.770,97.843,98.166
2,98.477,97.868,98.186,98.123
3,98.187,97.151,98.134,97.372
4,97.608,97.166,97.361,97.275
5,97.484,96.936,97.299,97.390
1,97.782,97.439,97.729,97.672
2,98.272,97.455,97.666,98.175
3,98.672,98.045,98.176,98.506
4,98.564,98.080,98.515,98.353
5,98.842,97.802,98.355,98.691
1,98.837,98.529,98.776,98.604
2,98.666,98.161,98.612,98.492
3,98.749,98.399,98.484,98.648
4,99.403,97.607,98.654,98.069
5,99.213,97.968,98.075,99.078
1,99.291,98.916,99.183,99.155
2,99.790,99.097,99.156,99.623
3,99.665,99.097,99.626,99.212
4,100.143,99.127,99.221,100.007
5,100.426,99.930,100.013,100.171
1,100.383,99.781,100.250,99.996
2,100.249,99.563,99.974,100.120
3,100.234,99.782,100.148,100.024
4,101.154,99.998,100.047,101.150
5,101.346,100.949,101.164,101.250
1,101.910,101.132,101.294,101.671
2,101.708,101.139,101.680,101.260
3,102.186,101.176,101.263,102.143
4,102.366,101.929,102.161,102.299
5,102.602,102.110,102.307,102.436
1,103.121,102.218,102.470,102.927
2,103.372,101.970,102.946,102.506
3,102.829,101.812,102.522,102.338
4,102.434,101.618,102.354,101.788
5,102.956,101.626,101.772,102.836
1,103.322,102.883,102.994,103.276
2,103.387,102.568,103.282,102.832
3,102.942,102.146,102.809,102.415
4,103.424,102.381,102.402,103.356
5,103.915,102.985,103.370,103.203
1,103.283,102.637,103.173,103.016
2,103.101,102.495,103.004,102.648
3,104.347,102.556,102.686,104.275
4,104.355,103.773,104.260,104.226
5,104.627,103.850,104.259,104.080
1,104.115,103.766,104.011,104.098
2,104.404,104.099,104.106,104.277
4,104.833,104.376,104.380,104.788
5,105.176,104.643,104.793,105.150
1,105.405,104.969,105.186,105.122
2,105.319,104.856,105.112,105.279
4,105.434,104.539,105.306,104.788
5,104.873,104.069,104.780,104.841
1,104.940,103.903,104.837,104.206
2,104.728,104.162,104.216,104.591
3,105.117,104.587,104.633,104.858
4,105.051,104.569,104.845,104.817
5,105.333,103.823,104.826,104.163
1,104.125,102.847,104.020,102.997
2,104.275,102.985,103.016,104.197
3,104.686,104.085,104.186,104.545
4,104.915,104.143,104.552,104.337
5,104.467,104.189,104.346,104.305
1,104.313,103.857,104.232,104.165
2,104.741,104.019,104.155,104.292
3,104.570,103.963,104.286,104.514
4,104.834,102.967,104.520,103.275
5,103.576,101.994,103.240,102.250
1,102.924,101.766,102.150,102.538
2,103.245,102.476,102.552,102.936
3,103.435,101.836,103.193,102.248
4,102.884,102.074,102.268,102.704
5,102.927,101.948,102.711,102.097
1,102.402,100.771,101.991,100.946
2,101.667,100.749,100.985,101.630
3,101.757,100.796,101.638,101.451
4,102.165,101.236,101.457,102.111
5,102.572,101.434,102.096,102.322
1,102.636,101.987,102.490,102.256
2,102.695,102.069,102.245,102.625
3,102.673,102.218,102.623,102.523
4,102.557,101.691,102.500,102.153
5,102.402,101.562,102.185,101.824
1,101.981,101.379,101.658,101.910
2,102.735,101.752,101.911,102.348
3,102.460,101.844,102.346,102.297
4,102.413,101.663,102.311,102.266
5,102.820,102.260,102.278,102.510
1,102.673,102.160,102.516,102.480
2,102.619,102.001,102.497,102.226
3,102.602,102.097,102.225,102.365
4,102.437,101.715,102.379,102.109
5,102.286,101.547,102.134,101.799
1,101.655,101.194,101.640,101.435
2,102.279,101.393,101.432,102.195
3,102.543,102.110,102.232,102.292
4,103.161,102.264,102.287,103.059
5,103.754,102.834,103.079,103.266
1,103.400,102.928,103.027,103.274
2,103.418,102.839,103.249,103.002
3,103.093,102.543,102.974,102.747
4,102.856,101.534,102.768,101.815
5,101.871,101.201,101.800,101.383
1,101.863,101.267,101.267,101.744
2,101.934,101.272,101.739,101.429
3,102.674,101.293,101.415,102.324
4,102.540,102.205,102.309,102.385
5,102.446,102.010,102.388,102.214
1,102.640,102.093,102.126,102.235
2,102.480,102.089,102.232,102.250
3,102.467,101.865,102.245,102.032
4,102.424,101.713,102.037,102.171
5,102.970,102.027,102.172,102.823
1,103.432,102.786,102.930,103.221
2,103.705,103.082,103.204,103.653
3,103.927,103.579,103.656,103.866
4,104.106,103.805,103.867,103.925
5,104.121,103.192,103.915,103.246
1,103.382,102.987,103.265,103.088
2,103.110,101.543,103.083,101.801
3,102.153,101.712,101.824,101.989
4,102.129,101.324,101.966,101.519
5,101.860,101.318,101.540,101.637
1,102.004,101.410,101.595,101.836
2,101.987,101.494,101.830,101.915
3,102.358,101.802,101.919,102.229
4,102.458,101.858,102.225,102.385
5,102.564,102.318,102.399,102.417
1,102.698,102.385,102.440,102.588
2,102.718,102.406,102.592,102.607
3,102.686,102.159,102.596,102.528
4,102.638,102.081,102.546,102.315
5,102.489,101.954,102.302,102.186
1,102.618,102.040,102.183,102.481
2,102.774,102.459,102.483,102.638
3,102.648,102.022,102.629,102.231
4,102.354,102.121,102.214,102.319
5,103.013,102.125,102.311,102.184
1,102.253,101.857,102.165,102.139
2,102.181,101.491,102.128,101.672
3,102.001,101.424,101.668,101.890
4,101.949,101.454,101.900,101.645
5,101.846,101.539,101.648,101.782
1,102.177,101.796,101.864,102.117
2,102.355,102.054,102.121,102.251
3,102.271,101.713,102.264,101.885
4,102.110,101.306,101.862,101.574
5,101.665,101.354,101.559,101.525
1,101.590,101.095,101.540,101.495
2,101.592,101.182,101.491,101.313
3,101.611,100.816,101.321,101.354
4,101.808,101.350,101.392,101.723
5,101.999,101.587,101.729,101.951
1,102.044,101.832,101.932,101.927
2,102.134,101.719,101.924,101.967
3,102.024,101.630,101.974,101.830
4,101.852,101.421,101.839,101.777
5,101.839,101.487,101.778,101.734
1,102.475,101.746,101.857,102.369
2,102.544,102.263,102.365,102.502
3,102.788,102.433,102.510,102.730
4,102.745,102.331,102.736,102.403
5,102.604,102.106,102.407,102.480
1,102.642,102.369,102.504,102.516
2,102.565,102.207,102.517,102.338
3,102.385,101.855,102.347,102.052
4,102.134,101.598,102.049,101.705
5,102.129,101.650,101.707,101.979
1,102.062,101.714,102.062,101.822
2,102.235,101.809,101.823,102.132
3,102.346,101.873,102.147,101.914
4,101.993,101.733,101.912,101.931
5,102.188,101.808,101.953,102.043
1,102.128,101.810,102.106,101.941
2,102.160,101.811,101.925,101.962
3,101.962,101.617,101.955,101.857
4,101.854,101.481,101.854,101.708
5,101.719,101.307,101.719,101.458
1,101.464,101.230,101.410,101.316
2,101.584,101.286,101.315,101.513
3,101.835,101.403,101.517,101.768
4,102.258,101.755,101.771,102.184
5,102.214,101.964,102.181,102.076
1,102.193,101.779,102.060,101.864
2,101.889,101.480,101.860,101.562
3,101.850,101.439,101.550,101.637
4,101.654,101.058,101.643,101.336
5,101.380,101.210,101.337,101.292
1,101.616,101.324,101.368,101.530
2,101.741,101.428,101.532,101.679
3,101.785,101.627,101.654,101.678
4,101.689,101.131,101.687,101.165
5,101.440,101.082,101.178,101.320
1,101.389,101.191,101.351,101.386
2,101.597,101.327,101.380,101.448
3,101.540,101.309,101.454,101.475
4,101.853,101.409,101.497,101.805
5,101.930,101.708,101.793,101.835
1,101.898,101.742,101.775,101.852
2,102.151,101.816,101.848,102.113
3,103.077,102.029,102.114,102.784
4,102.999,102.717,102.802,102.786
5,103.022,102.330,102.789,102.558
1,102.721,102.398,102.532,102.581
2,102.918,102.454,102.556,102.585
3,102.634,101.776,102.583,102.099
4,102.452,101.990,102.098,102.080
5,102.136,101.504,102.062,102.002
1,102.220,102.016,102.153,102.185
2,102.357,102.084,102.187,102.245
3,102.537,102.216,102.257,102.412
4,102.649,102.302,102.418,102.441
5,102.709,102.131,102.439,102.350
1,102.589,102.241,102.315,102.555
2,102.920,102.513,102.556,102.904
3,103.840,102.885,102.912,103.757
4,103.952,103.592,103.762,103.835
5,104.186,103.494,103.842,103.868
1,104.266,103.856,104.232,104.043
2,104.164,103.741,104.045,104.052
3,104.155,103.771,104.055,103.871
4,103.914,103.547,103.867,103.720
5,104.100,103.648,103.723,104.046
1,104.344,104.094,104.178,104.342
2,105.206,104.292,104.334,105.082
3,105.303,104.734,105.092,104.787
4,105.359,104.752,104.779,105.238
5,105.699,104.677,105.242,105.077
1,106.080,104.984,105.069,106.021
2,106.466,105.937,106.036,106.192
3,106.878,106.033,106.179,106.858
4,107.191,106.633,106.863,107.084
5,107.386,106.962,107.056,107.355
1,107.356,107.002,107.192,107.175
2,107.324,106.803,107.184,107.128
3,108.382,107.092,107.102,108.340
4,108.952,108.310,108.344,108.671
5,109.450,108.586,108.678,109.055
1,109.186,108.657,109.071,108.806
2,108.985,108.245,108.814,108.859
3,109.143,108.454,108.892,109.035
4,109.367,108.515,109.033,108.751
5,109.530,108.470,108.731,109.262
1,109.737,109.125,109.286,109.491
2,109.839,109.178,109.482,109.641
3,110.083,108.861,109.621,108.872
4,109.109,108.001,108.896,108.424
5,109.895,108.345,108.423,109.769
1,109.842,108.644,109.748,108.774
2,109.225,107.811,108.779,108.016
3,108.734,107.747,108.012,108.098
4,108.308,107.521,108.073,107.832
5,108.147,107.614,107.837,107.634
1,107.600,106.766,107.554,106.837
2,107.303,106.664,106.817,107.042
3,107.488,105.191,107.043,105.905
4,106.454,105.499,105.924,106.324
5,106.934,106.126,106.323,106.869
1,107.384,106.774,107.179,106.934
2,107.012,106.244,106.935,106.988
3,107.366,106.781,107.002,107.144
4,108.347,107.097,107.135,108.254
5,108.302,107.778,108.262,108.135
1,108.320,107.598,108.316,107.798
2,108.179,107.686,107.799,108.138
3,108.955,107.935,108.146,108.902
4,109.458,108.741,108.874,109.192
5,112.468,109.167,109.217,112.306
1,114.207,112.566,112.919,114.043
2,114.002,113.158,113.981,113.603
3,114.840,113.406,113.595,114.653
4,115.509,114.055,114.629,115.190
5,115.576,114.245,115.237,114.616
1,114.901,113.850,114.430,114.856
2,116.096,114.628,114.825,115.801
3,116.003,114.879,115.756,115.467
4,115.875,115.302,115.509,115.749
5,116.817,115.716,115.760,116.297
1,117.045,115.449,116.468,116.584
2,117.040,116.331,116.631,116.829
3,118.070,116.807,116.857,117.959
4,118.971,117.733,117.938,118.226
5,118.361,117.348,118.155,117.799
1,118.476,117.573,117.890,118.262
2,118.567,117.684,118.274,117.963
3,117.971,117.432,117.968,117.729
4,117.875,117.230,117.720,117.705
5,118.768,117.711,117.733,118.595
1,119.135,117.858,118.723,118.394
2,119.280,118.216,118.362,119.213
3,119.858,119.124,119.246,119.784
4,120.243,119.332,119.760,119.778
5,121.677,119.697,119.770,121.431
1,121.838,120.196,121.600,120.679
2,120.995,117.939,120.700,119.697
3,119.908,117.702,119.687,117.815
4,119.550,117.433,117.830,118.650
5,119.193,118.045,118.701,118.796
1,119.050,117.556,118.643,117.807
2,118.001,115.556,117.835,116.391
3,118.893,116.296,116.403,118.646
4,119.305,118.252,118.658,118.833
5,119.615,118.812,118.825,119.438
1,120.078,119.303,119.525,120.035
2,120.817,119.957,120.031,120.672
3,120.753,120.269,120.662,120.454
5,120.453,120.144,120.310,120.368
1,120.723,120.166,120.343,120.637
2,120.680,118.856,120.627,119.464
3,119.929,119.241,119.462,119.825
5,120.734,119.805,120.393,120.461
1,120.638,119.366,120.550,119.626
2,119.622,118.046,119.605,118.363
3,119.640,118.416,118.437,119.244
4,119.954,119.151,119.235,119.645
5,119.871,118.412,119.670,118.505
1,119.310,118.093,118.246,118.342
2,118.842,117.531,118.332,117.918
3,117.954,116.064,117.830,117.331
4,117.935,116.145,117.325,116.160
5,117.755,115.845,116.161,117.464
1,117.775,116.915,117.442,117.551
2,118.861,117.571,117.572,118.771
3,118.820,117.173,118.813,117.950
4,118.659,117.243,117.958,118.469
5,118.807,117.530,118.505,117.740
1,118.492,117.255,117.493,118.442
2,118.652,117.331,118.444,117.859
3,118.254,117.245,117.820,117.533
4,118.480,117.375,117.541,118.260
5,118.452,117.293,118.295,117.561
1,117.872,117.003,117.077,117.605
2,117.736,116.869,117.562,117.555
3,117.990,117.067,117.594,117.255
4,117.591,117.016,117.264,117.513
5,119.213,117.164,117.520,119.022
1,119.092,118.325,119.026,118.623
2,119.612,118.391,118.613,119.416
3,120.475,119.277,119.428,120.429
4,120.459,118.503,120.418,119.043
5,119.191,118.404,119.022,118.740
1,118.767,118.272,118.559,118.478
2,119.406,118.227,118.472,119.233
3,119.406,118.537,119.227,118.775
4,119.172,118.428,118.726,118.934
5,119.180,118.294,118.925,119.012
1,119.347,118.733,119.024,118.798
2,119.830,118.755,118.773,118.966
3,119.056,118.618,118.931,118.852
4,119.493,118.671,118.829,119.400
5,119.789,119.108,119.389,119.559
1,120.181,119.621,119.742,120.124
2,120.257,119.372,120.146,119.731
3,119.818,119.460,119.709,119.698
4,120.390,119.620,119.679,120.112
5,121.273,119.894,120.123,120.781
1,121.407,120.604,120.825,121.140
2,122.016,120.913,121.138,121.134
3,121.620,120.844,121.079,121.443
4,121.662,120.654,121.446,121.268
5,121.565,121.127,121.262,121.429
1,121.450,121.084,121.365,121.335
2,121.511,121.106,121.376,121.363
3,121.401,119.301,121.343,120.094
4,121.026,119.666,120.078,120.761
5,121.193,119.892,120.795,120.074
1,120.158,119.578,119.882,119.711
2,119.976,119.213,119.701,119.744
3,119.818,119.227,119.739,119.479
4,119.567,118.322,119.469,119.182
5,119.486,118.925,119.169,119.137
1,120.220,119.107,119.206,120.031
2,120.358,119.770,120.073,120.111
3,120.322,119.407,120.053,119.735
4,119.887,119.445,119.727,119.699
5,119.849,118.711,119.712,118.957
1,119.674,118.792,118.899,119.532
2,120.440,119.428,119.462,120.273
3,120.346,119.634,120.325,120.125
4,120.731,119.851,120.117,120.569
5,120.618,120.048,120.564,120.306
1,120.840,119.710,120.313,120.138
2,120.166,119.063,120.119,119.383
3,119.738,118.783,119.380,119.134
4,119.464,118.788,119.129,118.984
5,119.256,118.561,119.024,118.917
1,119.427,118.524,119.004,119.215
2,119.826,119.158,119.192,119.657
3,119.954,119.338,119.673,119.896
4,120.085,119.417,119.919,119.572
5,119.651,118.820,119.571,118.997
1,119.426,118.768,118.887,119.029
2,119.190,118.767,118.968,118.861
3,119.353,118.603,118.855,119.022
4,119.887,118.486,119.021,119.365
5,120.278,119.373,119.376,120.118
1,120.267,119.989,120.224,120.124
2,120.498,119.719,120.107,119.855
3,120.039,119.197,119.835,119.453
4,119.854,119.048,119.426,119.731
5,120.229,119.579,119.674,119.735
1,120.144,119.670,119.672,120.069
2,120.269,119.781,120.093,119.847
3,120.012,119.027,119.872,119.132
4,119.330,118.879,119.134,119.159
5,119.921,119.147,119.154,119.388
1,120.031,119.251,119.261,119.972
2,120.731,119.823,119.981,120.677
3,121.470,120.577,120.675,121.295
4,121.372,120.837,121.320,121.044
5,121.564,120.634,121.015,121.546
1,121.769,121.439,121.482,121.547
2,123.314,121.492,121.549,123.105
3,124.061,122.769,123.087,123.660
4,124.450,123.485,123.658,123.935
5,124.177,123.599,123.971,124.111
1,124.909,123.853,124.096,124.788
2,125.044,123.745,124.780,124.090
3,124.674,123.783,124.118,124.220
4,124.673,123.772,124.246,124.351
5,125.847,124.345,124.352,125.565
1,125.670,124.286,125.592,124.497
2,124.729,123.853,124.498,124.353
3,124.613,122.450,124.318,122.669
4,124.149,122.628,122.684,123.423
5,123.808,123.134,123.428,123.411
1,123.652,123.132,123.143,123.383
2,123.790,123.284,123.407,123.345
3,124.434,123.203,123.352,123.414
4,123.598,122.473,123.396,122.943
5,123.209,122.551,122.950,122.674
1,123.411,122.552,122.943,123.358
2,124.177,123.336,123.359,123.928
3,124.367,123.711,123.931,123.858
4,123.948,123.312,123.864,123.620
5,123.979,123.218,123.638,123.846
1,123.184,122.100,122.651,122.541
2,122.718,121.933,122.499,122.491
3,123.230,122.358,122.502,123.164
4,123.707,122.946,123.160,123.043
5,123.176,122.592,123.056,122.887
1,122.921,121.850,121.988,122.549
2,122.873,122.001,122.562,122.549
3,122.563,120.405,122.550,120.710
4,121.569,120.456,120.679,121.304
5,122.869,121.269,121.330,122.747
1,123.526,122.247,122.266,123.404
2,123.722,122.914,123.412,123.386
3,123.962,123.254,123.384,123.787
4,124.171,123.730,123.749,124.122
5,124.222,123.908,124.118,124.049
1,124.371,124.027,124.035,124.298
2,124.468,123.753,124.293,123.898
3,124.144,123.564,123.854,123.955
4,124.179,123.667,123.944,123.883
5,124.088,123.589,123.871,123.808
1,123.828,123.002,123.746,123.236
2,123.786,123.068,123.245,123.546
3,124.014,123.323,123.555,123.931
4,124.574,123.869,123.933,124.131
5,124.367,123.511,124.128,123.930
1,124.265,123.848,123.876,124.017
2,124.396,123.792,124.016,124.350
3,125.004,124.012,124.368,124.883
4,124.955,124.533,124.861,124.720
5,125.061,124.096,124.716,124.226
1,124.775,124.141,124.147,124.613
2,125.197,124.512,124.566,125.110
3,125.272,123.782,125.131,124.214
4,124.619,124.061,124.217,124.431
5,124.524,124.047,124.418,124.313
1,124.566,124.201,124.202,124.383
2,124.506,124.175,124.381,124.402
3,124.462,123.681,124.395,123.817
4,124.149,123.325,123.785,123.399
5,123.488,121.807,123.384,122.046
1,122.020,116.164,121.884,118.413
2,120.387,118.244,118.399,118.880
3,120.011,118.442,118.840,119.928
4,121.391,119.784,119.932,121.011
5,121.584,120.642,121.016,121.575
1,121.628,120.872,121.574,121.211
2,121.257,119.244,121.213,119.368
3,120.455,119.219,119.334,120.323
4,120.691,119.638,120.331,120.054
5,120.178,118.753,120.060,119.015
1,119.580,118.790,118.911,119.266
2,120.219,118.847,119.265,119.807
3,121.189,119.804,119.813,120.527
4,121.318,119.972,120.500,120.613
5,120.960,120.354,120.611,120.594
1,120.833,119.843,120.501,120.218
2,120.644,119.393,120.183,120.406
3,120.719,120.100,120.430,120.555
4,120.982,119.786,120.563,120.002
5,120.406,119.047,119.992,119.964
1,120.652,119.719,120.104,120.551
2,120.603,119.687,120.546,120.125
3,120.535,119.617,120.124,120.267
4,120.383,119.218,120.254,120.044
5,121.226,120.015,120.209,120.481
1,120.583,119.689,120.484,119.916
2,120.153,119.241,119.932,119.737
3,120.341,119.542,119.705,119.878
4,120.268,119.486,119.874,119.906
